ID,Name,Category,Flavor,Price,Rating,Tags,Image URL
c1,"Dutch Truffle Trending",Cakes,Chocolate,450,5,"Trending Cakes, 60 Minutes Delivery","/cakes/truffle_whole_1781772121847.png"
c2,"Premium Pineapple Trending",Cakes,Pineapple,470,4.6,"Trending Cakes, 60 Minutes Delivery","/cakes/pineapple_whole_1781772439907.png"
c3,"Fresh Mango Trending",Cakes,Mango,490,4.5,"Trending Cakes, 60 Minutes Delivery","/cakes/mango_whole_1781772394311.png"
c4,"Premium Fruit Trending",Cakes,Fruit,510,4.7,"Trending Cakes, 60 Minutes Delivery","/cakes/fruit_whole_1781772489345.png"
c5,"Premium Butterscotch Trending",Cakes,Butterscotch,530,4.9,"Trending Cakes, 60 Minutes Delivery","https://plus.unsplash.com/premium_photo-1714669889975-90386fbb03e4?crop=entropy&cs=tinysrgb&fit=max&fm=jpg&ixid=M3wxMjA3fDB8MXxzZWFyY2h8MXx8QnV0dGVyc2NvdGNoJTIwY2FrZXxlbnwwfHx8fDE3ODE3NzM3NTF8MA&ixlib=rb-4.1.0&q=80&w=1080"
c6,"Premium Blueberry Trending",Cakes,Blueberry,550,4.9,"Trending Cakes, 60 Minutes Delivery","https://plus.unsplash.com/premium_photo-1713447395823-2e0b40b75a89?crop=entropy&cs=tinysrgb&fit=max&fm=jpg&ixid=M3wxMjA3fDB8MXxzZWFyY2h8MXx8Qmx1ZWJlcnJ5JTIwY2FrZXxlbnwwfHx8fDE3ODE3NzM3NTJ8MA&ixlib=rb-4.1.0&q=80&w=1080"
c7,"Premium Black Forest Trending",Cakes,Black Forest,570,4.7,"Trending Cakes, 60 Minutes Delivery","https://plus.unsplash.com/premium_photo-1713447395823-2e0b40b75a89?crop=entropy&cs=tinysrgb&fit=max&fm=jpg&ixid=M3wxMjA3fDB8MXxzZWFyY2h8MXx8QmxhY2slMjBGb3Jlc3QlMjBjYWtlfGVufDB8fHx8MTc4MTc3Mzc1Mnww&ixlib=rb-4.1.0&q=80&w=1080"
c8,"Premium Vanilla Trending",Cakes,Vanilla,590,4.8,"Trending Cakes, 60 Minutes Delivery","https://plus.unsplash.com/premium_photo-1714670623261-a2e9797d4e05?crop=entropy&cs=tinysrgb&fit=max&fm=jpg&ixid=M3wxMjA3fDB8MXxzZWFyY2h8MXx8VmFuaWxsYSUyMGNha2V8ZW58MHx8fHwxNzgxNzczNzUzfDA&ixlib=rb-4.1.0&q=80&w=1080"
c9,"Premium Red Velvet Trending",Cakes,Red Velvet,610,4.6,"Trending Cakes, 60 Minutes Delivery","https://plus.unsplash.com/premium_photo-1713447395823-2e0b40b75a89?crop=entropy&cs=tinysrgb&fit=max&fm=jpg&ixid=M3wxMjA3fDB8MXxzZWFyY2h8MXx8UmVkJTIwVmVsdmV0JTIwY2FrZXxlbnwwfHx8fDE3ODE3NzM3NTN8MA&ixlib=rb-4.1.0&q=80&w=1080"
c10,"Premium Kit Kat Trending",Cakes,Kit Kat,630,4.9,"Trending Cakes, 60 Minutes Delivery","https://images.unsplash.com/photo-1750085037153-1e62f0730bef?crop=entropy&cs=tinysrgb&fit=max&fm=jpg&ixid=M3wxMjA3fDB8MXxzZWFyY2h8MXx8S2l0JTIwS2F0JTIwY2FrZXxlbnwwfHx8fDE3ODE3NzM3NTR8MA&ixlib=rb-4.1.0&q=80&w=1080"
c11,"Premium Oreo Trending",Cakes,Oreo,650,4.6,"Trending Cakes, 60 Minutes Delivery","https://plus.unsplash.com/premium_photo-1670445426823-db5647af73ff?crop=entropy&cs=tinysrgb&fit=max&fm=jpg&ixid=M3wxMjA3fDB8MXxzZWFyY2h8MXx8T3JlbyUyMGNha2V8ZW58MHx8fHwxNzgxNzczNzU1fDA&ixlib=rb-4.1.0&q=80&w=1080"
c12,"Dutch Truffle Birthday",Cakes,Chocolate,450,5,"Birthday Cakes, 60 Minutes Delivery","https://images.unsplash.com/photo-1606983340126-99ab4feaa64a?crop=entropy&cs=tinysrgb&fit=max&fm=jpg&ixid=M3wxMjA3fDB8MXxzZWFyY2h8Mnx8Q2hvY29sYXRlJTIwY2FrZXxlbnwwfHx8fDE3ODE3NzM3NDd8MA&ixlib=rb-4.1.0&q=80&w=1080"
c13,"Premium Pineapple Birthday",Cakes,Pineapple,470,4.6,"Birthday Cakes, 60 Minutes Delivery","https://images.unsplash.com/photo-1628505048571-327399c9324c?crop=entropy&cs=tinysrgb&fit=max&fm=jpg&ixid=M3wxMjA3fDB8MXxzZWFyY2h8Mnx8UGluZWFwcGxlJTIwY2FrZXxlbnwwfHx8fDE3ODE3NzM3NDh8MA&ixlib=rb-4.1.0&q=80&w=1080"
c14,"Fresh Mango Birthday",Cakes,Mango,490,4.7,"Birthday Cakes, 60 Minutes Delivery","https://images.unsplash.com/photo-1542826438-bd32f43d626f?crop=entropy&cs=tinysrgb&fit=max&fm=jpg&ixid=M3wxMjA3fDB8MXxzZWFyY2h8Mnx8TWFuZ28lMjBjYWtlfGVufDB8fHx8MTc4MTc3Mzc0OXww&ixlib=rb-4.1.0&q=80&w=1080"
c15,"Premium Fruit Birthday",Cakes,Fruit,510,4.6,"Birthday Cakes, 60 Minutes Delivery","https://images.unsplash.com/photo-1626263468007-a9e0cf83f1ac?crop=entropy&cs=tinysrgb&fit=max&fm=jpg&ixid=M3wxMjA3fDB8MXxzZWFyY2h8Mnx8RnJ1aXQlMjBjYWtlfGVufDB8fHx8MTc4MTc3Mzc1MHww&ixlib=rb-4.1.0&q=80&w=1080"
c16,"Premium Butterscotch Birthday",Cakes,Butterscotch,530,4.5,"Birthday Cakes, 60 Minutes Delivery","https://images.unsplash.com/photo-1542826438-bd32f43d626f?crop=entropy&cs=tinysrgb&fit=max&fm=jpg&ixid=M3wxMjA3fDB8MXxzZWFyY2h8Mnx8QnV0dGVyc2NvdGNoJTIwY2FrZXxlbnwwfHx8fDE3ODE3NzM3NTF8MA&ixlib=rb-4.1.0&q=80&w=1080"
c17,"Premium Blueberry Birthday",Cakes,Blueberry,550,4.7,"Birthday Cakes, 60 Minutes Delivery","https://images.unsplash.com/photo-1618426703623-c1b335803e07?crop=entropy&cs=tinysrgb&fit=max&fm=jpg&ixid=M3wxMjA3fDB8MXxzZWFyY2h8Mnx8Qmx1ZWJlcnJ5JTIwY2FrZXxlbnwwfHx8fDE3ODE3NzM3NTJ8MA&ixlib=rb-4.1.0&q=80&w=1080"
c18,"Premium Black Forest Birthday",Cakes,Black Forest,570,4.8,"Birthday Cakes, 60 Minutes Delivery","https://images.unsplash.com/photo-1606890737304-57a1ca8a5b62?crop=entropy&cs=tinysrgb&fit=max&fm=jpg&ixid=M3wxMjA3fDB8MXxzZWFyY2h8Mnx8QmxhY2slMjBGb3Jlc3QlMjBjYWtlfGVufDB8fHx8MTc4MTc3Mzc1Mnww&ixlib=rb-4.1.0&q=80&w=1080"
c19,"Premium Vanilla Birthday",Cakes,Vanilla,590,4.8,"Birthday Cakes, 60 Minutes Delivery","https://images.unsplash.com/photo-1588195538326-c5b1e9f80a1b?crop=entropy&cs=tinysrgb&fit=max&fm=jpg&ixid=M3wxMjA3fDB8MXxzZWFyY2h8Mnx8VmFuaWxsYSUyMGNha2V8ZW58MHx8fHwxNzgxNzczNzUzfDA&ixlib=rb-4.1.0&q=80&w=1080"
c20,"Premium Red Velvet Birthday",Cakes,Red Velvet,610,4.7,"Birthday Cakes, 60 Minutes Delivery","https://images.unsplash.com/photo-1586788680434-30d324b2d46f?crop=entropy&cs=tinysrgb&fit=max&fm=jpg&ixid=M3wxMjA3fDB8MXxzZWFyY2h8Mnx8UmVkJTIwVmVsdmV0JTIwY2FrZXxlbnwwfHx8fDE3ODE3NzM3NTN8MA&ixlib=rb-4.1.0&q=80&w=1080"
c21,"Premium Kit Kat Birthday",Cakes,Kit Kat,630,4.5,"Birthday Cakes, 60 Minutes Delivery","https://images.unsplash.com/photo-1750085036906-8d19f3becd87?crop=entropy&cs=tinysrgb&fit=max&fm=jpg&ixid=M3wxMjA3fDB8MXxzZWFyY2h8Mnx8S2l0JTIwS2F0JTIwY2FrZXxlbnwwfHx8fDE3ODE3NzM3NTR8MA&ixlib=rb-4.1.0&q=80&w=1080"
c22,"Premium Oreo Birthday",Cakes,Oreo,650,4.7,"Birthday Cakes, 60 Minutes Delivery","https://images.unsplash.com/photo-1616690710400-a16d146927c5?crop=entropy&cs=tinysrgb&fit=max&fm=jpg&ixid=M3wxMjA3fDB8MXxzZWFyY2h8Mnx8T3JlbyUyMGNha2V8ZW58MHx8fHwxNzgxNzczNzU1fDA&ixlib=rb-4.1.0&q=80&w=1080"
c23,"Dutch Truffle Anniversary",Cakes,Chocolate,450,4.8,"Anniversary Cakes, 60 Minutes Delivery","https://images.unsplash.com/photo-1588195538326-c5b1e9f80a1b?crop=entropy&cs=tinysrgb&fit=max&fm=jpg&ixid=M3wxMjA3fDB8MXxzZWFyY2h8M3x8Q2hvY29sYXRlJTIwY2FrZXxlbnwwfHx8fDE3ODE3NzM3NDd8MA&ixlib=rb-4.1.0&q=80&w=1080"
c24,"Premium Pineapple Anniversary",Cakes,Pineapple,470,4.6,"Anniversary Cakes, 60 Minutes Delivery","https://images.unsplash.com/photo-1643910509764-1add565de3e4?crop=entropy&cs=tinysrgb&fit=max&fm=jpg&ixid=M3wxMjA3fDB8MXxzZWFyY2h8M3x8UGluZWFwcGxlJTIwY2FrZXxlbnwwfHx8fDE3ODE3NzM3NDh8MA&ixlib=rb-4.1.0&q=80&w=1080"
c25,"Fresh Mango Anniversary",Cakes,Mango,490,5,"Anniversary Cakes, 60 Minutes Delivery","https://images.unsplash.com/photo-1488477304112-4944851de03d?crop=entropy&cs=tinysrgb&fit=max&fm=jpg&ixid=M3wxMjA3fDB8MXxzZWFyY2h8M3x8TWFuZ28lMjBjYWtlfGVufDB8fHx8MTc4MTc3Mzc0OXww&ixlib=rb-4.1.0&q=80&w=1080"
c26,"Premium Fruit Anniversary",Cakes,Fruit,510,4.8,"Anniversary Cakes, 60 Minutes Delivery","https://images.unsplash.com/photo-1508736375612-66c03035c629?crop=entropy&cs=tinysrgb&fit=max&fm=jpg&ixid=M3wxMjA3fDB8MXxzZWFyY2h8M3x8RnJ1aXQlMjBjYWtlfGVufDB8fHx8MTc4MTc3Mzc1MHww&ixlib=rb-4.1.0&q=80&w=1080"
c27,"Premium Butterscotch Anniversary",Cakes,Butterscotch,530,4.9,"Anniversary Cakes, 60 Minutes Delivery","https://images.unsplash.com/photo-1617922784605-041e1e1a5d8e?crop=entropy&cs=tinysrgb&fit=max&fm=jpg&ixid=M3wxMjA3fDB8MXxzZWFyY2h8M3x8QnV0dGVyc2NvdGNoJTIwY2FrZXxlbnwwfHx8fDE3ODE3NzM3NTF8MA&ixlib=rb-4.1.0&q=80&w=1080"
c28,"Premium Blueberry Anniversary",Cakes,Blueberry,550,4.5,"Anniversary Cakes, 60 Minutes Delivery","https://images.unsplash.com/photo-1567327613485-fbc7bf196198?crop=entropy&cs=tinysrgb&fit=max&fm=jpg&ixid=M3wxMjA3fDB8MXxzZWFyY2h8M3x8Qmx1ZWJlcnJ5JTIwY2FrZXxlbnwwfHx8fDE3ODE3NzM3NTJ8MA&ixlib=rb-4.1.0&q=80&w=1080"
c29,"Premium Black Forest Anniversary",Cakes,Black Forest,570,4.8,"Anniversary Cakes, 60 Minutes Delivery","https://images.unsplash.com/photo-1605807646983-377bc5a76493?crop=entropy&cs=tinysrgb&fit=max&fm=jpg&ixid=M3wxMjA3fDB8MXxzZWFyY2h8M3x8QmxhY2slMjBGb3Jlc3QlMjBjYWtlfGVufDB8fHx8MTc4MTc3Mzc1Mnww&ixlib=rb-4.1.0&q=80&w=1080"
c30,"Premium Vanilla Anniversary",Cakes,Vanilla,590,4.9,"Anniversary Cakes, 60 Minutes Delivery","https://images.unsplash.com/photo-1604413191066-4dd20bedf486?crop=entropy&cs=tinysrgb&fit=max&fm=jpg&ixid=M3wxMjA3fDB8MXxzZWFyY2h8M3x8VmFuaWxsYSUyMGNha2V8ZW58MHx8fHwxNzgxNzczNzUzfDA&ixlib=rb-4.1.0&q=80&w=1080"
c31,"Premium Red Velvet Anniversary",Cakes,Red Velvet,610,4.6,"Anniversary Cakes, 60 Minutes Delivery","https://images.unsplash.com/photo-1602630209855-dceac223adfe?crop=entropy&cs=tinysrgb&fit=max&fm=jpg&ixid=M3wxMjA3fDB8MXxzZWFyY2h8M3x8UmVkJTIwVmVsdmV0JTIwY2FrZXxlbnwwfHx8fDE3ODE3NzM3NTN8MA&ixlib=rb-4.1.0&q=80&w=1080"
c32,"Premium Kit Kat Anniversary",Cakes,Kit Kat,630,4.9,"Anniversary Cakes, 60 Minutes Delivery","https://images.unsplash.com/photo-1750085037153-1e62f0730bef?crop=entropy&cs=tinysrgb&fit=max&fm=jpg&ixid=M3wxMjA3fDB8MXxzZWFyY2h8MXx8S2l0JTIwS2F0JTIwY2FrZXxlbnwwfHx8fDE3ODE3NzM3NTR8MA&ixlib=rb-4.1.0&q=80&w=1080"
c33,"Premium Oreo Anniversary",Cakes,Oreo,650,4.6,"Anniversary Cakes, 60 Minutes Delivery","https://images.unsplash.com/photo-1626263468007-a9e0cf83f1ac?crop=entropy&cs=tinysrgb&fit=max&fm=jpg&ixid=M3wxMjA3fDB8MXxzZWFyY2h8M3x8T3JlbyUyMGNha2V8ZW58MHx8fHwxNzgxNzczNzU1fDA&ixlib=rb-4.1.0&q=80&w=1080"
c34,"Dutch Truffle Gourmet",Cakes,Chocolate,450,4.6,"Gourmet Cakes, 60 Minutes Delivery","https://images.unsplash.com/photo-1606890737304-57a1ca8a5b62?crop=entropy&cs=tinysrgb&fit=max&fm=jpg&ixid=M3wxMjA3fDB8MXxzZWFyY2h8NHx8Q2hvY29sYXRlJTIwY2FrZXxlbnwwfHx8fDE3ODE3NzM3NDd8MA&ixlib=rb-4.1.0&q=80&w=1080"
c35,"Premium Pineapple Gourmet",Cakes,Pineapple,470,4.9,"Gourmet Cakes, 60 Minutes Delivery","https://images.unsplash.com/photo-1643998302322-4ca6a9fc7316?crop=entropy&cs=tinysrgb&fit=max&fm=jpg&ixid=M3wxMjA3fDB8MXxzZWFyY2h8NHx8UGluZWFwcGxlJTIwY2FrZXxlbnwwfHx8fDE3ODE3NzM3NDh8MA&ixlib=rb-4.1.0&q=80&w=1080"
c36,"Fresh Mango Gourmet",Cakes,Mango,490,5,"Gourmet Cakes, 60 Minutes Delivery","https://images.unsplash.com/photo-1688458297155-228a3b1e5b49?crop=entropy&cs=tinysrgb&fit=max&fm=jpg&ixid=M3wxMjA3fDB8MXxzZWFyY2h8NHx8TWFuZ28lMjBjYWtlfGVufDB8fHx8MTc4MTc3Mzc0OXww&ixlib=rb-4.1.0&q=80&w=1080"
c37,"Premium Fruit Gourmet",Cakes,Fruit,510,4.7,"Gourmet Cakes, 60 Minutes Delivery","https://images.unsplash.com/photo-1488477304112-4944851de03d?crop=entropy&cs=tinysrgb&fit=max&fm=jpg&ixid=M3wxMjA3fDB8MXxzZWFyY2h8NHx8RnJ1aXQlMjBjYWtlfGVufDB8fHx8MTc4MTc3Mzc1MHww&ixlib=rb-4.1.0&q=80&w=1080"
c38,"Premium Butterscotch Gourmet",Cakes,Butterscotch,530,4.6,"Gourmet Cakes, 60 Minutes Delivery","https://images.unsplash.com/photo-1634839582502-c5d12a99db7d?crop=entropy&cs=tinysrgb&fit=max&fm=jpg&ixid=M3wxMjA3fDB8MXxzZWFyY2h8NHx8QnV0dGVyc2NvdGNoJTIwY2FrZXxlbnwwfHx8fDE3ODE3NzM3NTF8MA&ixlib=rb-4.1.0&q=80&w=1080"
c39,"Premium Blueberry Gourmet",Cakes,Blueberry,550,4.7,"Gourmet Cakes, 60 Minutes Delivery","https://images.unsplash.com/photo-1506459225024-1428097a7e18?crop=entropy&cs=tinysrgb&fit=max&fm=jpg&ixid=M3wxMjA3fDB8MXxzZWFyY2h8NHx8Qmx1ZWJlcnJ5JTIwY2FrZXxlbnwwfHx8fDE3ODE3NzM3NTJ8MA&ixlib=rb-4.1.0&q=80&w=1080"
c40,"Premium Black Forest Gourmet",Cakes,Black Forest,570,5,"Gourmet Cakes, 60 Minutes Delivery","https://images.unsplash.com/photo-1620492129802-2955e00f161e?crop=entropy&cs=tinysrgb&fit=max&fm=jpg&ixid=M3wxMjA3fDB8MXxzZWFyY2h8NHx8QmxhY2slMjBGb3Jlc3QlMjBjYWtlfGVufDB8fHx8MTc4MTc3Mzc1Mnww&ixlib=rb-4.1.0&q=80&w=1080"
c41,"Premium Vanilla Gourmet",Cakes,Vanilla,590,4.5,"Gourmet Cakes, 60 Minutes Delivery","https://images.unsplash.com/photo-1542826438-bd32f43d626f?crop=entropy&cs=tinysrgb&fit=max&fm=jpg&ixid=M3wxMjA3fDB8MXxzZWFyY2h8NHx8VmFuaWxsYSUyMGNha2V8ZW58MHx8fHwxNzgxNzczNzUzfDA&ixlib=rb-4.1.0&q=80&w=1080"
c42,"Premium Red Velvet Gourmet",Cakes,Red Velvet,610,4.7,"Gourmet Cakes, 60 Minutes Delivery","https://images.unsplash.com/photo-1614707269211-474b2510b3ad?crop=entropy&cs=tinysrgb&fit=max&fm=jpg&ixid=M3wxMjA3fDB8MXxzZWFyY2h8NHx8UmVkJTIwVmVsdmV0JTIwY2FrZXxlbnwwfHx8fDE3ODE3NzM3NTN8MA&ixlib=rb-4.1.0&q=80&w=1080"
c43,"Premium Kit Kat Gourmet",Cakes,Kit Kat,630,4.7,"Gourmet Cakes, 60 Minutes Delivery","https://images.unsplash.com/photo-1750085036906-8d19f3becd87?crop=entropy&cs=tinysrgb&fit=max&fm=jpg&ixid=M3wxMjA3fDB8MXxzZWFyY2h8Mnx8S2l0JTIwS2F0JTIwY2FrZXxlbnwwfHx8fDE3ODE3NzM3NTR8MA&ixlib=rb-4.1.0&q=80&w=1080"
c44,"Premium Oreo Gourmet",Cakes,Oreo,650,4.6,"Gourmet Cakes, 60 Minutes Delivery","https://images.unsplash.com/photo-1557925923-cd4648e211a0?crop=entropy&cs=tinysrgb&fit=max&fm=jpg&ixid=M3wxMjA3fDB8MXxzZWFyY2h8NHx8T3JlbyUyMGNha2V8ZW58MHx8fHwxNzgxNzczNzU1fDA&ixlib=rb-4.1.0&q=80&w=1080"
c45,"Dutch Truffle Bento",Cakes,Chocolate,450,4.8,"Bento Cakes, 60 Minutes Delivery","https://plus.unsplash.com/premium_photo-1715015440855-7d95cf92608a?crop=entropy&cs=tinysrgb&fit=max&fm=jpg&ixid=M3wxMjA3fDB8MXxzZWFyY2h8NXx8Q2hvY29sYXRlJTIwY2FrZXxlbnwwfHx8fDE3ODE3NzM3NDd8MA&ixlib=rb-4.1.0&q=80&w=1080"
c46,"Premium Pineapple Bento",Cakes,Pineapple,470,4.7,"Bento Cakes, 60 Minutes Delivery","https://plus.unsplash.com/premium_photo-1671212748162-d7bdb9d4f5ec?crop=entropy&cs=tinysrgb&fit=max&fm=jpg&ixid=M3wxMjA3fDB8MXxzZWFyY2h8NXx8UGluZWFwcGxlJTIwY2FrZXxlbnwwfHx8fDE3ODE3NzM3NDh8MA&ixlib=rb-4.1.0&q=80&w=1080"
c47,"Fresh Mango Bento",Cakes,Mango,490,4.7,"Bento Cakes, 60 Minutes Delivery","https://plus.unsplash.com/premium_photo-1695055513645-1f666594920c?crop=entropy&cs=tinysrgb&fit=max&fm=jpg&ixid=M3wxMjA3fDB8MXxzZWFyY2h8NXx8TWFuZ28lMjBjYWtlfGVufDB8fHx8MTc4MTc3Mzc0OXww&ixlib=rb-4.1.0&q=80&w=1080"
c48,"Premium Fruit Bento",Cakes,Fruit,510,4.9,"Bento Cakes, 60 Minutes Delivery","https://plus.unsplash.com/premium_photo-1722686461601-b2a018a4213b?crop=entropy&cs=tinysrgb&fit=max&fm=jpg&ixid=M3wxMjA3fDB8MXxzZWFyY2h8NXx8RnJ1aXQlMjBjYWtlfGVufDB8fHx8MTc4MTc3Mzc1MHww&ixlib=rb-4.1.0&q=80&w=1080"
c49,"Premium Butterscotch Bento",Cakes,Butterscotch,530,5,"Bento Cakes, 60 Minutes Delivery","https://plus.unsplash.com/premium_photo-1664205766144-377a036a336b?crop=entropy&cs=tinysrgb&fit=max&fm=jpg&ixid=M3wxMjA3fDB8MXxzZWFyY2h8NXx8QnV0dGVyc2NvdGNoJTIwY2FrZXxlbnwwfHx8fDE3ODE3NzM3NTF8MA&ixlib=rb-4.1.0&q=80&w=1080"
c50,"Premium Blueberry Bento",Cakes,Blueberry,550,4.6,"Bento Cakes, 60 Minutes Delivery","https://plus.unsplash.com/premium_photo-1680172800933-ae8462274162?crop=entropy&cs=tinysrgb&fit=max&fm=jpg&ixid=M3wxMjA3fDB8MXxzZWFyY2h8NXx8Qmx1ZWJlcnJ5JTIwY2FrZXxlbnwwfHx8fDE3ODE3NzM3NTJ8MA&ixlib=rb-4.1.0&q=80&w=1080"
c51,"Premium Black Forest Bento",Cakes,Black Forest,570,4.6,"Bento Cakes, 60 Minutes Delivery","https://plus.unsplash.com/premium_photo-1715178982048-d36eba937bc2?crop=entropy&cs=tinysrgb&fit=max&fm=jpg&ixid=M3wxMjA3fDB8MXxzZWFyY2h8NXx8QmxhY2slMjBGb3Jlc3QlMjBjYWtlfGVufDB8fHx8MTc4MTc3Mzc1Mnww&ixlib=rb-4.1.0&q=80&w=1080"
c52,"Premium Vanilla Bento",Cakes,Vanilla,590,4.6,"Bento Cakes, 60 Minutes Delivery","https://plus.unsplash.com/premium_photo-1674498802496-c9a5983ef176?crop=entropy&cs=tinysrgb&fit=max&fm=jpg&ixid=M3wxMjA3fDB8MXxzZWFyY2h8NXx8VmFuaWxsYSUyMGNha2V8ZW58MHx8fHwxNzgxNzczNzUzfDA&ixlib=rb-4.1.0&q=80&w=1080"
c53,"Premium Red Velvet Bento",Cakes,Red Velvet,610,5,"Bento Cakes, 60 Minutes Delivery","https://plus.unsplash.com/premium_photo-1690214491960-d447e38d0bd0?crop=entropy&cs=tinysrgb&fit=max&fm=jpg&ixid=M3wxMjA3fDB8MXxzZWFyY2h8NXx8UmVkJTIwVmVsdmV0JTIwY2FrZXxlbnwwfHx8fDE3ODE3NzM3NTN8MA&ixlib=rb-4.1.0&q=80&w=1080"
c54,"Premium Kit Kat Bento",Cakes,Kit Kat,630,4.6,"Bento Cakes, 60 Minutes Delivery","https://images.unsplash.com/photo-1750085037153-1e62f0730bef?crop=entropy&cs=tinysrgb&fit=max&fm=jpg&ixid=M3wxMjA3fDB8MXxzZWFyY2h8MXx8S2l0JTIwS2F0JTIwY2FrZXxlbnwwfHx8fDE3ODE3NzM3NTR8MA&ixlib=rb-4.1.0&q=80&w=1080"
c55,"Premium Oreo Bento",Cakes,Oreo,650,4.9,"Bento Cakes, 60 Minutes Delivery","https://plus.unsplash.com/premium_photo-1670445426821-116eaef25108?crop=entropy&cs=tinysrgb&fit=max&fm=jpg&ixid=M3wxMjA3fDB8MXxzZWFyY2h8NXx8T3JlbyUyMGNha2V8ZW58MHx8fHwxNzgxNzczNzU1fDA&ixlib=rb-4.1.0&q=80&w=1080"
c56,"Dutch Truffle Photo",Cakes,Chocolate,450,4.8,"Photo Cakes, 60 Minutes Delivery","https://images.unsplash.com/photo-1602351447937-745cb720612f?crop=entropy&cs=tinysrgb&fit=max&fm=jpg&ixid=M3wxMjA3fDB8MXxzZWFyY2h8Nnx8Q2hvY29sYXRlJTIwY2FrZXxlbnwwfHx8fDE3ODE3NzM3NDd8MA&ixlib=rb-4.1.0&q=80&w=1080"
c57,"Premium Pineapple Photo",Cakes,Pineapple,470,5,"Photo Cakes, 60 Minutes Delivery","https://images.unsplash.com/photo-1643910509872-78bc24a2bc53?crop=entropy&cs=tinysrgb&fit=max&fm=jpg&ixid=M3wxMjA3fDB8MXxzZWFyY2h8Nnx8UGluZWFwcGxlJTIwY2FrZXxlbnwwfHx8fDE3ODE3NzM3NDh8MA&ixlib=rb-4.1.0&q=80&w=1080"
c58,"Fresh Mango Photo",Cakes,Mango,490,4.5,"Photo Cakes, 60 Minutes Delivery","https://images.unsplash.com/photo-1633834704595-63d830818bfc?crop=entropy&cs=tinysrgb&fit=max&fm=jpg&ixid=M3wxMjA3fDB8MXxzZWFyY2h8Nnx8TWFuZ28lMjBjYWtlfGVufDB8fHx8MTc4MTc3Mzc0OXww&ixlib=rb-4.1.0&q=80&w=1080"
c59,"Premium Fruit Photo",Cakes,Fruit,510,4.9,"Photo Cakes, 60 Minutes Delivery","https://images.unsplash.com/photo-1660383534593-6b5221ab80d2?crop=entropy&cs=tinysrgb&fit=max&fm=jpg&ixid=M3wxMjA3fDB8MXxzZWFyY2h8Nnx8RnJ1aXQlMjBjYWtlfGVufDB8fHx8MTc4MTc3Mzc1MHww&ixlib=rb-4.1.0&q=80&w=1080"
c60,"Premium Butterscotch Photo",Cakes,Butterscotch,530,4.5,"Photo Cakes, 60 Minutes Delivery","https://images.unsplash.com/photo-1779282312372-bffbffb8f661?crop=entropy&cs=tinysrgb&fit=max&fm=jpg&ixid=M3wxMjA3fDB8MXxzZWFyY2h8Nnx8QnV0dGVyc2NvdGNoJTIwY2FrZXxlbnwwfHx8fDE3ODE3NzM3NTF8MA&ixlib=rb-4.1.0&q=80&w=1080"
c61,"Premium Blueberry Photo",Cakes,Blueberry,550,4.6,"Photo Cakes, 60 Minutes Delivery","https://images.unsplash.com/photo-1618426703263-9b751af305a6?crop=entropy&cs=tinysrgb&fit=max&fm=jpg&ixid=M3wxMjA3fDB8MXxzZWFyY2h8Nnx8Qmx1ZWJlcnJ5JTIwY2FrZXxlbnwwfHx8fDE3ODE3NzM3NTJ8MA&ixlib=rb-4.1.0&q=80&w=1080"
c62,"Premium Black Forest Photo",Cakes,Black Forest,570,4.8,"Photo Cakes, 60 Minutes Delivery","https://images.unsplash.com/photo-1607257882338-70f7dd2ae344?crop=entropy&cs=tinysrgb&fit=max&fm=jpg&ixid=M3wxMjA3fDB8MXxzZWFyY2h8Nnx8QmxhY2slMjBGb3Jlc3QlMjBjYWtlfGVufDB8fHx8MTc4MTc3Mzc1Mnww&ixlib=rb-4.1.0&q=80&w=1080"
c63,"Premium Vanilla Photo",Cakes,Vanilla,590,4.8,"Photo Cakes, 60 Minutes Delivery","https://images.unsplash.com/photo-1692640848099-325af9b3f75f?crop=entropy&cs=tinysrgb&fit=max&fm=jpg&ixid=M3wxMjA3fDB8MXxzZWFyY2h8Nnx8VmFuaWxsYSUyMGNha2V8ZW58MHx8fHwxNzgxNzczNzUzfDA&ixlib=rb-4.1.0&q=80&w=1080"
c64,"Premium Red Velvet Photo",Cakes,Red Velvet,610,4.9,"Photo Cakes, 60 Minutes Delivery","https://images.unsplash.com/photo-1714386148315-2f0e3eebcd5a?crop=entropy&cs=tinysrgb&fit=max&fm=jpg&ixid=M3wxMjA3fDB8MXxzZWFyY2h8Nnx8UmVkJTIwVmVsdmV0JTIwY2FrZXxlbnwwfHx8fDE3ODE3NzM3NTN8MA&ixlib=rb-4.1.0&q=80&w=1080"
c65,"Premium Kit Kat Photo",Cakes,Kit Kat,630,4.8,"Photo Cakes, 60 Minutes Delivery","https://images.unsplash.com/photo-1750085036906-8d19f3becd87?crop=entropy&cs=tinysrgb&fit=max&fm=jpg&ixid=M3wxMjA3fDB8MXxzZWFyY2h8Mnx8S2l0JTIwS2F0JTIwY2FrZXxlbnwwfHx8fDE3ODE3NzM3NTR8MA&ixlib=rb-4.1.0&q=80&w=1080"
c66,"Premium Oreo Photo",Cakes,Oreo,650,4.6,"Photo Cakes, 60 Minutes Delivery","https://images.unsplash.com/photo-1571622840901-92ae138bd36e?crop=entropy&cs=tinysrgb&fit=max&fm=jpg&ixid=M3wxMjA3fDB8MXxzZWFyY2h8Nnx8T3JlbyUyMGNha2V8ZW58MHx8fHwxNzgxNzczNzU1fDA&ixlib=rb-4.1.0&q=80&w=1080"
c67,"Dutch Truffle Designer",Cakes,Chocolate,450,4.7,"Designer Cakes, 60 Minutes Delivery","https://images.unsplash.com/photo-1623660053975-cf75a8be0908?crop=entropy&cs=tinysrgb&fit=max&fm=jpg&ixid=M3wxMjA3fDB8MXxzZWFyY2h8N3x8Q2hvY29sYXRlJTIwY2FrZXxlbnwwfHx8fDE3ODE3NzM3NDd8MA&ixlib=rb-4.1.0&q=80&w=1080"
c68,"Premium Pineapple Designer",Cakes,Pineapple,470,4.9,"Designer Cakes, 60 Minutes Delivery","https://images.unsplash.com/photo-1643907277487-ccdb1eb50582?crop=entropy&cs=tinysrgb&fit=max&fm=jpg&ixid=M3wxMjA3fDB8MXxzZWFyY2h8N3x8UGluZWFwcGxlJTIwY2FrZXxlbnwwfHx8fDE3ODE3NzM3NDh8MA&ixlib=rb-4.1.0&q=80&w=1080"
c69,"Fresh Mango Designer",Cakes,Mango,490,4.7,"Designer Cakes, 60 Minutes Delivery","https://images.unsplash.com/photo-1642069251474-5cc71cfdf49b?crop=entropy&cs=tinysrgb&fit=max&fm=jpg&ixid=M3wxMjA3fDB8MXxzZWFyY2h8N3x8TWFuZ28lMjBjYWtlfGVufDB8fHx8MTc4MTc3Mzc0OXww&ixlib=rb-4.1.0&q=80&w=1080"
c70,"Premium Fruit Designer",Cakes,Fruit,510,4.6,"Designer Cakes, 60 Minutes Delivery","https://images.unsplash.com/photo-1608830597604-619220679440?crop=entropy&cs=tinysrgb&fit=max&fm=jpg&ixid=M3wxMjA3fDB8MXxzZWFyY2h8N3x8RnJ1aXQlMjBjYWtlfGVufDB8fHx8MTc4MTc3Mzc1MHww&ixlib=rb-4.1.0&q=80&w=1080"
c71,"Premium Butterscotch Designer",Cakes,Butterscotch,530,4.8,"Designer Cakes, 60 Minutes Delivery","https://images.unsplash.com/photo-1597061286894-5100bd5be656?crop=entropy&cs=tinysrgb&fit=max&fm=jpg&ixid=M3wxMjA3fDB8MXxzZWFyY2h8N3x8QnV0dGVyc2NvdGNoJTIwY2FrZXxlbnwwfHx8fDE3ODE3NzM3NTF8MA&ixlib=rb-4.1.0&q=80&w=1080"
c72,"Premium Blueberry Designer",Cakes,Blueberry,550,4.9,"Designer Cakes, 60 Minutes Delivery","https://images.unsplash.com/photo-1618426703433-cd39e563cf71?crop=entropy&cs=tinysrgb&fit=max&fm=jpg&ixid=M3wxMjA3fDB8MXxzZWFyY2h8N3x8Qmx1ZWJlcnJ5JTIwY2FrZXxlbnwwfHx8fDE3ODE3NzM3NTJ8MA&ixlib=rb-4.1.0&q=80&w=1080"
c73,"Premium Black Forest Designer",Cakes,Black Forest,570,4.7,"Designer Cakes, 60 Minutes Delivery","https://images.unsplash.com/photo-1518047601542-79f18c655718?crop=entropy&cs=tinysrgb&fit=max&fm=jpg&ixid=M3wxMjA3fDB8MXxzZWFyY2h8N3x8QmxhY2slMjBGb3Jlc3QlMjBjYWtlfGVufDB8fHx8MTc4MTc3Mzc1Mnww&ixlib=rb-4.1.0&q=80&w=1080"
c74,"Premium Vanilla Designer",Cakes,Vanilla,590,4.7,"Designer Cakes, 60 Minutes Delivery","https://images.unsplash.com/photo-1536599524557-5f784dd53282?crop=entropy&cs=tinysrgb&fit=max&fm=jpg&ixid=M3wxMjA3fDB8MXxzZWFyY2h8N3x8VmFuaWxsYSUyMGNha2V8ZW58MHx8fHwxNzgxNzczNzUzfDA&ixlib=rb-4.1.0&q=80&w=1080"
c75,"Premium Red Velvet Designer",Cakes,Red Velvet,610,4.8,"Designer Cakes, 60 Minutes Delivery","https://images.unsplash.com/photo-1714949134591-d6f2c581b20d?crop=entropy&cs=tinysrgb&fit=max&fm=jpg&ixid=M3wxMjA3fDB8MXxzZWFyY2h8N3x8UmVkJTIwVmVsdmV0JTIwY2FrZXxlbnwwfHx8fDE3ODE3NzM3NTN8MA&ixlib=rb-4.1.0&q=80&w=1080"
c76,"Premium Kit Kat Designer",Cakes,Kit Kat,630,5,"Designer Cakes, 60 Minutes Delivery","https://images.unsplash.com/photo-1750085037153-1e62f0730bef?crop=entropy&cs=tinysrgb&fit=max&fm=jpg&ixid=M3wxMjA3fDB8MXxzZWFyY2h8MXx8S2l0JTIwS2F0JTIwY2FrZXxlbnwwfHx8fDE3ODE3NzM3NTR8MA&ixlib=rb-4.1.0&q=80&w=1080"
c77,"Premium Oreo Designer",Cakes,Oreo,650,4.9,"Designer Cakes, 60 Minutes Delivery","https://images.unsplash.com/photo-1623548694299-c3eb13a26c5b?crop=entropy&cs=tinysrgb&fit=max&fm=jpg&ixid=M3wxMjA3fDB8MXxzZWFyY2h8N3x8T3JlbyUyMGNha2V8ZW58MHx8fHwxNzgxNzczNzU1fDA&ixlib=rb-4.1.0&q=80&w=1080"
c78,"Dutch Truffle Half Birthday",Cakes,Chocolate,450,4.8,"Half Birthday Cakes, 60 Minutes Delivery","https://images.unsplash.com/photo-1517427294546-5aa121f68e8a?crop=entropy&cs=tinysrgb&fit=max&fm=jpg&ixid=M3wxMjA3fDB8MXxzZWFyY2h8OHx8Q2hvY29sYXRlJTIwY2FrZXxlbnwwfHx8fDE3ODE3NzM3NDd8MA&ixlib=rb-4.1.0&q=80&w=1080"
c79,"Premium Pineapple Half Birthday",Cakes,Pineapple,470,4.7,"Half Birthday Cakes, 60 Minutes Delivery","https://images.unsplash.com/photo-1643907277388-deb09f2e1dd2?crop=entropy&cs=tinysrgb&fit=max&fm=jpg&ixid=M3wxMjA3fDB8MXxzZWFyY2h8OHx8UGluZWFwcGxlJTIwY2FrZXxlbnwwfHx8fDE3ODE3NzM3NDh8MA&ixlib=rb-4.1.0&q=80&w=1080"
c80,"Fresh Mango Half Birthday",Cakes,Mango,490,4.7,"Half Birthday Cakes, 60 Minutes Delivery","https://images.unsplash.com/photo-1590055619179-a07394301525?crop=entropy&cs=tinysrgb&fit=max&fm=jpg&ixid=M3wxMjA3fDB8MXxzZWFyY2h8OHx8TWFuZ28lMjBjYWtlfGVufDB8fHx8MTc4MTc3Mzc0OXww&ixlib=rb-4.1.0&q=80&w=1080"
c81,"Premium Fruit Half Birthday",Cakes,Fruit,510,4.7,"Half Birthday Cakes, 60 Minutes Delivery","https://images.unsplash.com/photo-1608780720006-9e691b227f46?crop=entropy&cs=tinysrgb&fit=max&fm=jpg&ixid=M3wxMjA3fDB8MXxzZWFyY2h8OHx8RnJ1aXQlMjBjYWtlfGVufDB8fHx8MTc4MTc3Mzc1MHww&ixlib=rb-4.1.0&q=80&w=1080"
c82,"Premium Butterscotch Half Birthday",Cakes,Butterscotch,530,4.7,"Half Birthday Cakes, 60 Minutes Delivery","https://images.unsplash.com/photo-1629099323553-53df6faea8c3?crop=entropy&cs=tinysrgb&fit=max&fm=jpg&ixid=M3wxMjA3fDB8MXxzZWFyY2h8OHx8QnV0dGVyc2NvdGNoJTIwY2FrZXxlbnwwfHx8fDE3ODE3NzM3NTF8MA&ixlib=rb-4.1.0&q=80&w=1080"
c83,"Premium Blueberry Half Birthday",Cakes,Blueberry,550,4.7,"Half Birthday Cakes, 60 Minutes Delivery","https://images.unsplash.com/photo-1653469742883-c47111ae3bc4?crop=entropy&cs=tinysrgb&fit=max&fm=jpg&ixid=M3wxMjA3fDB8MXxzZWFyY2h8OHx8Qmx1ZWJlcnJ5JTIwY2FrZXxlbnwwfHx8fDE3ODE3NzM3NTJ8MA&ixlib=rb-4.1.0&q=80&w=1080"
c84,"Premium Black Forest Half Birthday",Cakes,Black Forest,570,4.6,"Half Birthday Cakes, 60 Minutes Delivery","https://images.unsplash.com/photo-1620490448382-d2f51a08596f?crop=entropy&cs=tinysrgb&fit=max&fm=jpg&ixid=M3wxMjA3fDB8MXxzZWFyY2h8OHx8QmxhY2slMjBGb3Jlc3QlMjBjYWtlfGVufDB8fHx8MTc4MTc3Mzc1Mnww&ixlib=rb-4.1.0&q=80&w=1080"
c85,"Premium Vanilla Half Birthday",Cakes,Vanilla,590,4.7,"Half Birthday Cakes, 60 Minutes Delivery","https://images.unsplash.com/photo-1656463490201-ba0acdd38930?crop=entropy&cs=tinysrgb&fit=max&fm=jpg&ixid=M3wxMjA3fDB8MXxzZWFyY2h8OHx8VmFuaWxsYSUyMGNha2V8ZW58MHx8fHwxNzgxNzczNzUzfDA&ixlib=rb-4.1.0&q=80&w=1080"
c86,"Premium Red Velvet Half Birthday",Cakes,Red Velvet,610,4.8,"Half Birthday Cakes, 60 Minutes Delivery","https://images.unsplash.com/photo-1685957652870-d56b0e5bea52?crop=entropy&cs=tinysrgb&fit=max&fm=jpg&ixid=M3wxMjA3fDB8MXxzZWFyY2h8OHx8UmVkJTIwVmVsdmV0JTIwY2FrZXxlbnwwfHx8fDE3ODE3NzM3NTN8MA&ixlib=rb-4.1.0&q=80&w=1080"
c87,"Premium Kit Kat Half Birthday",Cakes,Kit Kat,630,4.9,"Half Birthday Cakes, 60 Minutes Delivery","https://images.unsplash.com/photo-1750085036906-8d19f3becd87?crop=entropy&cs=tinysrgb&fit=max&fm=jpg&ixid=M3wxMjA3fDB8MXxzZWFyY2h8Mnx8S2l0JTIwS2F0JTIwY2FrZXxlbnwwfHx8fDE3ODE3NzM3NTR8MA&ixlib=rb-4.1.0&q=80&w=1080"
c88,"Premium Oreo Half Birthday",Cakes,Oreo,650,4.6,"Half Birthday Cakes, 60 Minutes Delivery","https://images.unsplash.com/photo-1594247252698-1eb1802f5236?crop=entropy&cs=tinysrgb&fit=max&fm=jpg&ixid=M3wxMjA3fDB8MXxzZWFyY2h8OHx8T3JlbyUyMGNha2V8ZW58MHx8fHwxNzgxNzczNzU1fDA&ixlib=rb-4.1.0&q=80&w=1080"